{"stats":{"minecraft:custom":{"minecraft:time_since_rest":2966,"minecraft:crouch_one_cm":165,"minecraft:play_time":2966,"minecraft:sprint_one_cm":3872,"minecraft:walk_one_cm":2355,"minecraft:sneak_time":62,"minecraft:drop":2,"minecraft:jump":60,"minecraft:leave_game":1,"minecraft:time_since_death":2966,"minecraft:total_world_time":2966,"minecraft:interact_with_crafting_table":3,"minecraft:fall_one_cm":3218,"minecraft:fly_one_cm":6870},"minecraft:dropped":{"minecraft:stone_pickaxe":1,"minecraft:wooden_pickaxe":1},"minecraft:used":{"minecraft:crafting_table":1,"alexsmobs:animal_dictionary":1,"minecraft:wooden_pickaxe":13},"minecraft:picked_up":{"minecraft:stone_pickaxe":1,"minecraft:spruce_log":7,"minecraft:cobblestone":13},"minecraft:crafted":{"minecraft:stone_sword":1,"minecraft:stone_axe":1,"minecraft:crafting_table":1,"minecraft:spruce_planks":28,"minecraft:stick":12,"minecraft:wooden_pickaxe":1,"minecraft:stone_pickaxe":1},"minecraft:mined":{"minecraft:spruce_log":7,"minecraft:stone":13}},"DataVersion":3120}