{"stats":{"minecraft:custom":{"minecraft:jump":76,"minecraft:time_since_rest":2632,"minecraft:damage_dealt":245,"minecraft:sprint_one_cm":25736,"minecraft:play_time":2632,"minecraft:time_since_death":2632,"minecraft:walk_one_cm":2512,"minecraft:total_world_time":2632,"minecraft:drop":1,"minecraft:fall_one_cm":1523,"minecraft:fly_one_cm":8560,"minecraft:player_kills":1},"minecraft:mined":{"minecraft:tall_grass":3,"minecraft:grass":14,"minecraft:oak_leaves":1},"minecraft:dropped":{"minecraft:oak_sapling":1},"minecraft:picked_up":{"minecraft:oak_sapling":1}},"DataVersion":3465}