{"stats":{"minecraft:mined":{"minecraft:iron_ore":2,"minecraft:spruce_log":7,"minecraft:tall_grass":1,"minecraft:stone":13,"minecraft:moss_block":2},"minecraft:killed_by":{"minecraft:zombie":1},"minecraft:used":{"minecraft:moss_block":2,"minecraft:stone_sword":9,"minecraft:stone_pickaxe":2,"minecraft:wooden_pickaxe":13,"minecraft:crafting_table":1,"alexsmobs:animal_dictionary":1},"minecraft:killed":{"minecraft:zombie":1},"minecraft:dropped":{"tombstone:gift":1,"minecraft:rotten_flesh":2,"minecraft:stone_pickaxe":1,"minecraft:wooden_pickaxe":1},"minecraft:custom":{"minecraft:time_since_rest":1,"minecraft:sprint_one_cm":6273,"minecraft:damage_taken":525,"minecraft:walk_one_cm":5991,"minecraft:mob_kills":1,"minecraft:drop":4,"minecraft:damage_dealt":346,"minecraft:interact_with_crafting_table":4,"minecraft:fly_one_cm":8305,"minecraft:crouch_one_cm":376,"minecraft:play_time":5107,"tombstone:undead_killed":1,"minecraft:deaths":2,"minecraft:sneak_time":194,"minecraft:jump":98,"minecraft:leave_game":4,"minecraft:time_since_death":2,"minecraft:total_world_time":5107,"minecraft:fall_one_cm":9509},"minecraft:picked_up":{"minecraft:raw_iron":2,"minecraft:spruce_log":7,"minecraft:moss_carpet":1,"tombstone:gift":1,"minecraft:rotten_flesh":2,"minecraft:stone_pickaxe":1,"minecraft:moss_block":2,"minecraft:cobblestone":13},"minecraft:crafted":{"minecraft:crafting_table":1,"minecraft:spruce_planks":28,"minecraft:stick":12,"minecraft:wooden_pickaxe":1,"minecraft:stone_pickaxe":1,"minecraft:stone_sword":1,"minecraft:stone_axe":1}},"DataVersion":3120}