{"stats":{"minecraft:custom":{"minecraft:time_since_rest":23533,"minecraft:crouch_one_cm":1599,"minecraft:play_time":23533,"minecraft:sprint_one_cm":29489,"minecraft:damage_taken":50,"minecraft:walk_one_cm":34624,"minecraft:sneak_time":494,"minecraft:mob_kills":4,"minecraft:drop":1,"minecraft:animals_bred":1,"minecraft:jump":173,"minecraft:damage_dealt":292,"minecraft:leave_game":3,"minecraft:time_since_death":23533,"minecraft:total_world_time":23533,"minecraft:fall_one_cm":7177,"minecraft:fly_one_cm":27368},"minecraft:killed":{"minecraft:sheep":2,"minecraft:cow":2},"minecraft:picked_up":{"minecraft:leather":2,"minecraft:wheat_seeds":3,"minecraft:acacia_wood":3,"minecraft:beef":4,"minecraft:mutton":4,"minecraft:white_wool":2,"minecraft:egg":1},"minecraft:dropped":{"minecraft:wheat_seeds":1},"minecraft:mined":{"minecraft:grass":1,"minecraft:acacia_wood":3,"minecraft:fern":6}},"DataVersion":3465}