{"stats":{"minecraft:picked_up":{"minecraft:stick":4,"farmersdelight:organic_compost":4,"minecraft:wheat_seeds":5,"minecraft:hay_block":8,"farmersdelight:tomato_seeds":20,"iceandfire:rotten_egg":1,"farmersdelight:tomato":11,"minecraft:egg":2},"minecraft:dropped":{"minecraft:wheat_seeds":4},"minecraft:custom":{"minecraft:open_chest":1,"minecraft:time_since_rest":12675,"minecraft:crouch_one_cm":327,"minecraft:play_time":16274,"minecraft:sprint_one_cm":50101,"minecraft:damage_taken":20,"minecraft:walk_one_cm":30993,"minecraft:sneak_time":604,"vampirism:interact_with_totem":1,"minecraft:drop":1,"minecraft:jump":152,"minecraft:leave_game":1,"minecraft:time_since_death":16274,"minecraft:walk_on_water_one_cm":99,"minecraft:sleep_in_bed":3,"minecraft:total_world_time":16274,"minecraft:climb_one_cm":416,"minecraft:fly_one_cm":37466,"minecraft:talked_to_villager":1,"minecraft:fall_one_cm":5204},"minecraft:mined":{"minecraft:hay_block":8,"minecraft:grass":18,"minecraft:dead_bush":3,"farmersdelight:organic_compost":4,"minecraft:tall_grass":3,"farmersdelight:wild_tomatoes":21}},"DataVersion":3465}