{"stats":{"minecraft:custom":{"minecraft:jump":54,"minecraft:time_since_rest":1,"minecraft:crouch_one_cm":220,"minecraft:deaths":1,"minecraft:sprint_one_cm":15976,"minecraft:play_time":4718,"minecraft:damage_taken":360,"minecraft:time_since_death":386,"minecraft:walk_one_cm":8735,"minecraft:sneak_time":137,"minecraft:total_world_time":4718,"minecraft:fall_one_cm":1281,"minecraft:fly_one_cm":16174},"minecraft:killed_by":{"minecraft:player":1},"minecraft:mined":{"minecraft:grass":1}},"DataVersion":3465}