{"stats":{"minecraft:custom":{"minecraft:jump":48,"minecraft:time_since_rest":1,"minecraft:leave_game":2,"minecraft:damage_dealt":122,"minecraft:crouch_one_cm":220,"minecraft:sprint_one_cm":1829,"minecraft:play_time":10892,"minecraft:damage_taken":255,"minecraft:time_since_death":215,"minecraft:walk_one_cm":15243,"minecraft:sneak_time":46,"minecraft:total_world_time":10892,"minecraft:fly_one_cm":3881,"minecraft:fall_one_cm":1318,"minecraft:deaths":1},"minecraft:picked_up":{"minecraft:warped_roots":1,"minecraft:blue_orchid":3,"minecraft:wheat_seeds":2},"minecraft:mined":{"minecraft:nether_sprouts":1,"minecraft:grass":5,"minecraft:large_amethyst_bud":1,"minecraft:blue_orchid":3,"minecraft:warped_roots":1,"minecraft:fern":3}},"DataVersion":3465}