{"stats":{"minecraft:custom":{"minecraft:time_since_rest":2876,"minecraft:play_time":2876,"minecraft:sprint_one_cm":9604,"minecraft:damage_taken":40,"minecraft:walk_one_cm":3267,"minecraft:sneak_time":11,"minecraft:walk_under_water_one_cm":663,"minecraft:jump":25,"minecraft:walk_on_water_one_cm":182,"minecraft:time_since_death":2876,"minecraft:total_world_time":2876,"minecraft:swim_one_cm":467,"minecraft:fly_one_cm":5259,"minecraft:interact_with_crafting_table":1,"minecraft:fall_one_cm":2056},"minecraft:used":{"minecraft:wooden_axe":1,"minecraft:crafting_table":1},"minecraft:picked_up":{"minecraft:stick":2,"minecraft:crafting_table":1,"minecraft:wheat_seeds":1,"minecraft:spruce_log":5},"minecraft:crafted":{"minecraft:crafting_table":1,"minecraft:spruce_planks":20,"minecraft:stick":4,"minecraft:wooden_pickaxe":1,"minecraft:wooden_axe":1},"minecraft:mined":{"minecraft:spruce_leaves":6,"minecraft:spruce_log":5,"minecraft:crafting_table":1,"minecraft:fern":1}},"DataVersion":3120}